researcher_id;first_name;last_name;gender;birth_date;email
1;Murial;Cuthill;Female;1965-08-30;mcuthill0@psu.edu
2;Lou;Obell;Female;1986-05-08;lobell1@dion.ne.jp
3;Carmon;Leyborne;Female;1973-01-06;cleyborne2@oaic.gov.au
4;Dorian;Nordass;Male;1981-12-06;dnordass3@123-reg.co.uk
5;Cherilyn;Tolussi;Genderfluid;1967-03-13;ctolussi4@theguardian.com
6;Duffy;Filgate;Male;1982-02-01;dfilgate5@wordpress.com
7;Caroline;Krabbe;Female;1967-04-15;ckrabbe6@fotki.com
8;Marlane;Witham;Female;1975-04-07;mwitham7@bizjournals.com
9;Dur;Greenland;Male;1978-07-15;dgreenland8@reference.com
10;Vito;Lyston;Male;1986-01-03;vlyston9@elpais.com
11;Kari;Lathe;Female;1977-01-06;klathea@imgur.com
12;Martica;Sawle;Female;1974-04-15;msawleb@umich.edu
13;Brunhilde;Orrice;Female;1981-05-06;borricec@state.tx.us
14;Haleigh;Cuffin;Female;1984-07-22;hcuffind@hc360.com
15;Alisha;Nutbean;Female;1977-03-01;anutbeane@paginegialle.it
16;Elmira;Saker;Female;1973-03-25;esakerf@surveymonkey.com
17;Kaylee;Salliss;Female;1961-09-25;ksallissg@creativecommons.org
18;Arny;Soanes;Agender;1990-02-07;asoanesh@newsvine.com
19;Alisun;Curds;Female;1978-10-20;acurdsi@themeforest.net
20;Erroll;Snalom;Non-binary;1988-01-03;esnalomj@google.com.br
21;Dwayne;Dragon;Male;1969-09-05;ddragonk@bloomberg.com
22;Arlin;Stein;Male;1960-09-13;asteinl@archive.org
23;Gertrud;Dach;Female;1986-09-26;gdachm@disqus.com
24;Evania;Ferenc;Bigender;1986-11-15;eferencn@scribd.com
25;Blancha;Pilling;Female;1967-12-29;bpillingo@mediafire.com
26;Charlot;Yuille;Female;1964-04-17;cyuillep@g.co
27;Karylin;Yurkov;Female;1960-06-17;kyurkovq@about.com
28;Xylina;Peirazzi;Female;1981-05-09;xpeirazzir@reuters.com
29;Cherey;Ropert;Female;1966-02-25;croperts@ftc.gov
30;Kelbee;Tisun;Male;1961-02-01;ktisunt@pagesperso-orange.fr
31;Bev;Featley;Male;1977-03-17;bfeatleyu@sun.com
32;Aggy;Gravell;Female;1961-03-12;agravellv@hibu.com
33;Hinda;Biss;Female;1962-05-26;hbissw@thetimes.co.uk
34;Pyotr;Popham;Male;1964-06-21;ppophamx@nps.gov
35;Redd;Burgess;Male;1980-09-08;rburgessy@fema.gov
36;Brendin;Ruddick;Male;1982-12-09;bruddickz@sakura.ne.jp
37;Averil;Tarbatt;Female;1974-11-25;atarbatt10@wikipedia.org
38;Quintin;Folke;Agender;1963-11-02;qfolke11@macromedia.com
39;Ervin;Overel;Male;1968-10-10;eoverel12@cargocollective.com
40;Skip;Bolsover;Agender;1983-11-26;sbolsover13@opensource.org
41;Bette-ann;Bernhardi;Female;1973-09-09;bbernhardi14@foxnews.com
42;Worthy;Godfroy;Male;1978-07-01;wgodfroy15@columbia.edu
43;Wynn;Brookson;Female;1971-01-14;wbrookson16@hostgator.com
44;Allen;Sambidge;Male;1966-09-15;asambidge17@sourceforge.net
45;Willette;Brimm;Female;1988-05-29;wbrimm18@google.ru
46;Bertrando;Mitchard;Male;1980-08-23;bmitchard19@51.la
47;Gretel;Antoinet;Female;1989-07-22;gantoinet1a@adobe.com
48;Tripp;Burgan;Male;1987-03-26;tburgan1b@sitemeter.com
49;Everett;Schirak;Male;1968-01-05;eschirak1c@umn.edu
50;Andonis;Gelletly;Male;1962-11-06;agelletly1d@blog.com
51;Sibbie;Leadstone;Female;1961-12-12;sleadstone1e@unc.edu
52;Putnem;Swanborrow;Male;1971-12-02;pswanborrow1f@reddit.com
53;Val;Twiggins;Female;1974-05-14;vtwiggins1g@auda.org.au
54;Rance;Ondra;Male;1976-02-18;rondra1h@typepad.com
55;Egon;Bartholat;Bigender;1968-03-31;ebartholat1i@sbwire.com
56;Matti;Bosman;Female;1971-01-15;mbosman1j@tmall.com
57;Kathlin;Kestin;Female;1960-09-25;kkestin1k@about.com
58;Garvin;Dooman;Male;1971-02-05;gdooman1l@yelp.com
59;Lennie;Swanne;Male;1969-04-09;lswanne1m@github.io
60;Yanaton;Offin;Male;1961-05-08;yoffin1n@unicef.org
61;Barbabra;Sherbrooke;Female;1980-11-24;bsherbrooke1o@theguardian.com
62;Doyle;Conford;Male;1967-08-13;dconford1p@biglobe.ne.jp
63;Burton;Hazeldene;Male;1969-09-16;bhazeldene1q@census.gov
64;Sergeant;Orhtmann;Male;1976-04-12;sorhtmann1r@alexa.com
65;Roseanna;Creddon;Female;1990-01-16;rcreddon1s@tumblr.com
66;Franky;Santos;Male;1974-05-18;fsantos1t@walmart.com
67;Ramonda;Seals;Female;1965-06-16;rseals1u@wikispaces.com
68;Rosa;Winship;Female;1961-03-09;rwinship1v@mail.ru
69;Mildred;Olczak;Female;1968-11-11;molczak1w@cpanel.net
70;Adara;Himsworth;Female;1984-02-22;ahimsworth1x@economist.com
71;Titus;Isacsson;Male;1984-11-02;tisacsson1y@google.co.uk
72;Kalvin;Varran;Male;1964-11-05;kvarran1z@smugmug.com
73;Christal;Petranek;Female;1972-05-13;cpetranek20@wikimedia.org
74;Anders;Nicolson;Male;1977-05-19;anicolson21@google.cn
75;Alasteir;Kydde;Male;1987-09-25;akydde22@a8.net
76;Karlen;O' Clovan;Female;1982-11-23;koclovan23@cloudflare.com
77;Aggi;Bawle;Female;1989-01-18;abawle24@ezinearticles.com
78;Hildagard;Heigl;Female;1963-05-10;hheigl25@yellowbook.com
79;Shelia;Linning;Female;1975-05-29;slinning26@about.com
80;Joana;Bingham;Female;1979-11-24;jbingham27@microsoft.com
81;Archaimbaud;McLafferty;Male;1972-10-31;amclafferty28@delicious.com
82;Emelda;Salliss;Female;1962-04-30;esalliss29@nhs.uk
83;Ariel;Farmar;Male;1988-09-24;afarmar2a@bloglovin.com
84;Herby;Monday;Male;1961-08-28;hmonday2b@yandex.ru
85;Farra;Ogbourne;Female;1980-06-01;fogbourne2c@java.com
86;Carmelia;Syfax;Female;1981-06-24;csyfax2d@spiegel.de
87;Constancy;Mansour;Female;1964-12-09;cmansour2e@hexun.com
88;Dorthy;Stang-Gjertsen;Female;1968-06-06;dstanggjertsen2f@harvard.edu
89;Nicolette;Sorel;Female;1984-12-20;nsorel2g@huffingtonpost.com
90;Sergio;Madison;Male;1974-04-13;smadison2h@unc.edu
91;Paco;Sendley;Male;1981-03-30;psendley2i@ox.ac.uk
92;Lloyd;Cansdall;Male;1968-06-01;lcansdall2j@slashdot.org
93;Prinz;Tapping;Male;1973-03-31;ptapping2k@ucoz.ru
94;Chaddy;Alabastar;Male;1986-05-04;calabastar2l@home.pl
95;Crichton;Lenaghen;Male;1964-09-10;clenaghen2m@creativecommons.org
96;Yance;Ligertwood;Male;1973-03-08;yligertwood2n@ocn.ne.jp
97;Candi;Stallwood;Female;1968-02-07;cstallwood2o@163.com
98;Astrid;Davage;Female;1966-01-23;adavage2p@cbsnews.com
99;Marabel;McCague;Female;1963-05-20;mmccague2q@bluehost.com
100;Salem;Aldins;Genderfluid;1986-09-26;saldins2r@google.nl
101;Kathye;Doerren;Female;1974-03-10;kdoerren2s@mit.edu
102;Kanya;Bance;Genderfluid;1980-10-19;kbance2t@google.com.br
103;Samara;Ranklin;Non-binary;1967-11-13;sranklin2u@bigcartel.com
104;Elke;Fanthome;Bigender;1962-08-04;efanthome2v@furl.net
105;Ad;Melendez;Male;1964-02-08;amelendez2w@usatoday.com
106;Arlana;Glencros;Female;1983-06-04;aglencros2x@bbb.org
107;Kalinda;Lumbly;Female;1960-06-07;klumbly2y@addthis.com
108;Chan;Bessey;Male;1989-10-27;cbessey2z@redcross.org
109;Pepi;Powley;Female;1974-11-29;ppowley30@pagesperso-orange.fr
110;Merci;Wardale;Female;1971-06-07;mwardale31@loc.gov
111;Erwin;Groneway;Male;1962-01-17;egroneway32@histats.com
112;Ross;Slack;Male;1966-04-05;rslack33@tuttocitta.it
113;Bibbye;Womack;Genderqueer;1989-05-21;bwomack34@stanford.edu
114;Guenevere;Gornal;Female;1973-08-21;ggornal35@sohu.com
115;Nobe;Trorey;Male;1964-10-14;ntrorey36@elegantthemes.com
116;Edithe;Paramor;Agender;1977-06-08;eparamor37@jigsy.com
117;Silvana;Mullenger;Female;1982-05-03;smullenger38@reddit.com
118;Caroline;Lepick;Female;1983-01-28;clepick39@china.com.cn
119;Lavinie;Lacelett;Female;1987-09-06;llacelett3a@technorati.com
120;Georgianne;Morville;Female;1987-12-17;gmorville3b@sogou.com
